# Rule overrides for ci.yml's zap_baseline job. Format: <rule id><TAB><threshold><TAB># <comment>; thresholds FAIL, WARN, INFO, IGNORE.
# Unlisted rules default to WARN and never fail the job (`-I`); only FAIL blocks. What a passive scan proves: TEST_STRATEGY.md §5.

# GitHub Pages sends no custom headers, so the CSP is a <meta> tag and frame-ancestors cannot be enforced; layout.tsx frame-busts instead.
10020	IGNORE	# X-Frame-Options Header Not Set -- static host; layout.tsx's framebust script deters casual framing only
10038	IGNORE	# Content-Security-Policy Header Not Set -- meta CSP only, see above

# HSTS is added at the Pages edge, invisible to a scan of a plain-HTTP local export.
10035	IGNORE	# Strict-Transport-Security Header Not Set -- hosting concern, not app code

# Response headers a static host never sends; none has a <meta> equivalent.
10021	IGNORE	# X-Content-Type-Options Header Missing -- header only, no static-host equivalent
10063	IGNORE	# Permissions Policy Header Not Set -- header only, no static-host equivalent
90004	IGNORE	# Cross-Origin-{Embedder,Opener,Resource}-Policy Header Missing -- header only, no static-host equivalent

# A static export has no server to issue a per-request nonce, and React's style attributes need style-src 'unsafe-inline'; script origins are still confined to 'self'.
10055	IGNORE	# CSP: script-src/style-src unsafe-inline -- see layout.tsx CONTENT_SECURITY_POLICY

# Content-based, so a static export can fix it: firing means debug or error output reached shipped HTML.
90022	FAIL	# Application Error Disclosure
